Workbook

Sheet raw_inputs
A1: raw_inputs
A2: Inputs consolidados para la función de equidad territorial.
A3: Las columnas I-K son las únicas que quedan pendientes de completar con datos oficiales no publicados de forma homogénea.
A4: CCAA | B4: Poblacion | C4: Renta_pc_hogares | D4: Tasa_paro | E4: Entidades_singulares | F4: Capacidad_ordinaria_2025 | G4: Melilla_frontera_-100 | H4: Baleares_insularidad_-100 | I4: Promedio_MENA_ultimos_6m | J4: Ratio_MENA_por_100k | K4: Plazas_existentes_19feb2025 | L4: Plazas_deseables_1_cada_2500hab | M4: Deficit_plazas_vs_deseable | N4: Fuente_poblacion | O4: Fuente_renta | P4: Fuente_paro | Q4: Fuente_dispersion | R4: Fuente_capacidad
A5: Andalucía | B5: 8676713 | C5: 15367 | D5: 15.76 | E5: 2823 | F5: 2827 | G5: 0 | H5: 0 | L5: =B5/2500 -> 3470.6852 | M5: =IF(K5="","",MAX(L5-K5,0)) | N5: INE_POB_2025 | O5: INE_RENTA_2023P | P5: INE_EPA_4T2024 | Q5: INE_NOMEN_2025 | R5: BOE_RD743_2025
A6: Aragón | B6: 1364621 | C6: 20721 | D6: 7.62 | E6: 1570 | F6: 441 | G6: 0 | H6: 0 | L6: =B6/2500 -> 545.8484 | M6: =IF(K6="","",MAX(L6-K6,0)) | N6: INE_POB_2025 | O6: INE_RENTA_2023P | P6: INE_EPA_4T2024 | Q6: INE_NOMEN_2025 | R6: BOE_RD743_2025
A7: Asturias | B7: 1015128 | C7: 20250 | D7: 8.09 | E7: 6983 | F7: 331 | G7: 0 | H7: 0 | L7: =B7/2500 -> 406.0512 | M7: =IF(K7="","",MAX(L7-K7,0)) | N7: INE_POB_2025 | O7: INE_RENTA_2023P | P7: INE_EPA_4T2024 | Q7: INE_NOMEN_2025 | R7: BOE_RD743_2025
A8: Baleares | B8: 1249844 | C8: 20210 | D8: 8.2 | E8: 312 | F8: 406 | G8: 0 | H8: -1 | L8: =B8/2500 -> 499.9376 | M8: =IF(K8="","",MAX(L8-K8,0)) | N8: INE_POB_2025 | O8: INE_RENTA_2023P | P8: INE_EPA_4T2024 | Q8: INE_NOMEN_2025 | R8: BOE_RD743_2025
A9: Canarias | B9: 2258866 | C9: 16027 | D9: 11.91 | E9: 1109 | F9: 737 | G9: 0 | H9: 0 | L9: =B9/2500 -> 903.5464 | M9: =IF(K9="","",MAX(L9-K9,0)) | N9: INE_POB_2025 | O9: INE_RENTA_2023P | P9: INE_EPA_4T2024 | Q9: INE_NOMEN_2025 | R9: BOE_RD743_2025
A10: Cantabria | B10: 593623 | C10: 19101 | D10: 8.23 | E10: 931 | F10: 194 | G10: 0 | H10: 0 | L10: =B10/2500 -> 237.4492 | M10: =IF(K10="","",MAX(L10-K10,0)) | N10: INE_POB_2025 | O10: INE_RENTA_2023P | P10: INE_EPA_4T2024 | Q10: INE_NOMEN_2025 | R10: BOE_RD743_2025
A11: Castilla y León | B11: 2401221 | C11: 19200 | D11: 8.23 | E11: 6181 | F11: 783 | G11: 0 | H11: 0 | L11: =B11/2500 -> 960.4884 | M11: =IF(K11="","",MAX(L11-K11,0)) | N11: INE_POB_2025 | O11: INE_RENTA_2023P | P11: INE_EPA_4T2024 | Q11: INE_NOMEN_2025 | R11: BOE_RD743_2025
A12: Castilla-La Mancha | B12: 2126378 | C12: 16484 | D12: 11.86 | E12: 1708 | F12: 692 | G12: 0 | H12: 0 | L12: =B12/2500 -> 850.5512 | M12: =IF(K12="","",MAX(L12-K12,0)) | N12: INE_POB_2025 | O12: INE_RENTA_2023P | P12: INE_EPA_4T2024 | Q12: INE_NOMEN_2025 | R12: BOE_RD743_2025
A13: Cataluña | B13: 8124126 | C13: 20790 | D13: 7.87 | E13: 3910 | F13: 2650 | G13: 0 | H13: 0 | L13: =B13/2500 -> 3249.6504 | M13: =IF(K13="","",MAX(L13-K13,0)) | N13: INE_POB_2025 | O13: INE_RENTA_2023P | P13: INE_EPA_4T2024 | Q13: INE_NOMEN_2025 | R13: BOE_RD743_2025
A14: Comunidad Valenciana | B14: 5425182 | C14: 16686 | D14: 12.33 | E14: 1242 | F14: 1767 | G14: 0 | H14: 0 | L14: =B14/2500 -> 2170.0728 | M14: =IF(K14="","",MAX(L14-K14,0)) | N14: INE_POB_2025 | O14: INE_RENTA_2023P | P14: INE_EPA_4T2024 | Q14: INE_NOMEN_2025 | R14: BOE_RD743_2025
A15: Extremadura | B15: 1053345 | C15: 15831 | D15: 15.26 | E15: 622 | F15: 344 | G15: 0 | H15: 0 | L15: =B15/2500 -> 421.338 | M15: =IF(K15="","",MAX(L15-K15,0)) | N15: INE_POB_2025 | O15: INE_RENTA_2023P | P15: INE_EPA_4T2024 | Q15: INE_NOMEN_2025 | R15: BOE_RD743_2025
A16: Galicia | B16: 2714741 | C16: 18552 | D16: 8.67 | E16: 30518 | F16: 886 | G16: 0 | H16: 0 | L16: =B16/2500 -> 1085.8964 | M16: =IF(K16="","",MAX(L16-K16,0)) | N16: INE_POB_2025 | O16: INE_RENTA_2023P | P16: INE_EPA_4T2024 | Q16: INE_NOMEN_2025 | R16: BOE_RD743_2025
... A23: Melilla | B23: 87067 | C23: 15241 | D23: 25.8 | E23: 1 | F23: 28 | G23: -1 | H23: 0 | L23: =B23/2500 -> 34.8268 | M23: =IF(K23="","",MAX(L23-K23,0)) | N23: INE_POB_2025 | O23: INE_RENTA_2023P | P23: INE_EPA_4T2024 | Q23: INE_NOMEN_2025 | R23: BOE_RD743_2025

Sheet pesos
A1: Ponderaciones legales (BOE 2025)
A3: Criterio | B3: Descripción | C3: Peso | D3: Implementación en plantilla | E3: Fuente_URL
A4: a | B4: Población | C4: 0.5 | D4: Peso proporcional directo sobre población | E4: https://www.boe.es/diario_boe/txt.php?id=BOE-A-2025-5404
A5: b | B5: Renta disponible bruta per cápita hogares | C5: 0.13 | D5: Peso proporcional directo; operacionalizado con valor/max(valor) y normalización final | E5: https://www.boe.es/diario_boe/txt.php?id=BOE-A-2025-5404
A6: c | B6: Tasa de paro | C6: 0.15 | D6: Peso inverso; operacionalizado como min(paro)/paro y normalización final | E6: https://www.boe.es/diario_boe/txt.php?id=BOE-A-2025-5404
A7: d | B7: Esfuerzo en atención a menores no acompañados | C7: 0.06 | D7: Pendiente de dato oficial; plantilla usa promedio simple de dos subíndices inversos | E7: https://www.boe.es/diario_boe/txt.php?id=BOE-A-2025-5404
A8: e | B8: Dimensionamiento estructural de plazas | C8: 0.1 | D8: Plantilla propone déficit de plazas vs. deseable (1 plaza / 2.500 hab.) | E8: https://www.boe.es/diario_boe/txt.php?id=BOE-A-2025-5404
A9: f | B9: Ciudad fronteriza | C9: 0.02 | D9: Penalización -100% a Melilla; resto normalizado en igualdad | E9: https://www.boe.es/diario_boe/txt.php?id=BOE-A-2025-5404
A10: g | B10: Insularidad | C10: 0.02 | D10: Penalización -100% a Baleares; resto normalizado en igualdad | E10: https://www.boe.es/diario_boe/txt.php?id=BOE-A-2025-5404
A11: h | B11: Dispersión de la población | C11: 0.02 | D11: Proxy: entidades singulares INE; operacionalizado de forma inversa según respuesta del Gobierno de 24/09/2024 | E11: https://www.congreso.es/l15p/e4/e_0041547_n_000.pdf

Sheet score_template
A1: Plantilla de cálculo
A3: CCAA | B3: Share_poblacion | C3: Puntos_poblacion | D3: Indice_renta | E3: Share_renta | F3: Puntos_renta | G3: Indice_paro_inv | H3: Share_paro | I3: Puntos_paro | J3: Indice_dispersion_inv | K3: Share_dispersion | L3: Puntos_dispersion | M3: Indice_frontera | N3: Share_frontera | O3: Puntos_frontera | P3: Indice_insularidad | Q3: Share_insularidad | R3: Puntos_insularidad | S3: Indice_esfuerzo | T3: Share_esfuerzo | U3: Puntos_esfuerzo | V3: Deficit_plazas | W3: Share_plazas | X3: Puntos_plazas | Y3: Puntuacion_total_disponible | Z3: Peso_disponible
A4: Andalucía | B4: =raw_inputs!B5/SUM(raw_inputs!$B$5:$B$23) -> 0.17661335 | C4: =B4*0.5 -> 0.088306674 | D4: =raw_inputs!C5/MAX(raw_inputs!$C$5:$C$23) -> 0.61208476 | E4: =D4/SUM($D$4:$D$22) -> 0.042938494 | F4: =E4*0.13 -> 0.0055820042 | G4: =MIN(raw_inputs!$D$5:$D$23)/raw_inputs!D5 -> 0.41878173 | H4: =G4/SUM($G$4:$G$22) -> 0.033275323 | I4: =H4*0.15 -> 0.0049912984 | J4: =MIN(raw_inputs!$E$5:$E$23)/raw_inputs!E5 -> 0.00035423309 | K4: =J4/SUM($J$4:$J$22) -> 0.00026217635 | L4: =K4*0.02 -> 5.2435269e-06 | M4: =IF(raw_inputs!G5=-1,0,1) -> 1 | N4: =M4/SUM($M$4:$M$22) -> 0.055555556 | O4: =N4*0.02 -> 0.0011111111 | P4: =IF(raw_inputs!H5=-1,0,1) -> 1 | Q4: =P4/SUM($P$4:$P$22) -> 0.055555556 | R4: =Q4*0.02 -> 0.0011111111 | S4: =IF(OR(raw_inputs!I5="",raw_inputs!J5=""),"",AVERAGE(MIN(raw_inputs!$I$5:$I$23)/raw_inputs!I5,MIN(raw_inputs!$J$5:$J$23)/raw_inputs!J5)) | T4: =IF(S4="","",S4/SUM($S$4:$S$22)) | U4: =IF(T4="","",T4*0.06) | V4: =raw_inputs!M5 | W4: =IF(V4="","",V4/SUM($V$4:$V$22)) | X4: =IF(W4="","",W4*0.1) | Y4: =SUM(C4,F4,I4,L4,O4,R4,IFERROR(U4,0),IFERROR(X4,0)) -> #VALUE! | Z4: =0.82+IF(U4="",0,0.06)+IF(X4="",0,0.1) -> 0.82
A5: Aragón | B5: =raw_inputs!B6/SUM(raw_inputs!$B$5:$B$23) -> 0.02777668 | C5: =B5*0.5 -> 0.01388834 | D5: =raw_inputs!C6/MAX(raw_inputs!$C$5:$C$23) -> 0.82534056 | E5: =D5/SUM($D$4:$D$22) -> 0.057898649 | F5: =E5*0.13 -> 0.0075268243 | G5: =MIN(raw_inputs!$D$5:$D$23)/raw_inputs!D6 -> 0.86614173 | H5: =G5/SUM($G$4:$G$22) -> 0.068821402 | I5: =H5*0.15 -> 0.01032321 | J5: =MIN(raw_inputs!$E$5:$E$23)/raw_inputs!E6 -> 0.00063694268 | K5: =J5/SUM($J$4:$J$22) -> 0.00047141645 | L5: =K5*0.02 -> 9.428329e-06 | M5: =IF(raw_inputs!G6=-1,0,1) -> 1 | N5: =M5/SUM($M$4:$M$22) -> 0.055555556 | O5: =N5*0.02 -> 0.0011111111 | P5: =IF(raw_inputs!H6=-1,0,1) -> 1 | Q5: =P5/SUM($P$4:$P$22) -> 0.055555556 | R5: =Q5*0.02 -> 0.0011111111 | S5: =IF(OR(raw_inputs!I6="",raw_inputs!J6=""),"",AVERAGE(MIN(raw_inputs!$I$5:$I$23)/raw_inputs!I6,MIN(raw_inputs!$J$5:$J$23)/raw_inputs!J6)) | T5: =IF(S5="","",S5/SUM($S$4:$S$22)) | U5: =IF(T5="","",T5*0.06) | V5: =raw_inputs!M6 | W5: =IF(V5="","",V5/SUM($V$4:$V$22)) | X5: =IF(W5="","",W5*0.1) | Y5: =SUM(C5,F5,I5,L5,O5,R5,IFERROR(U5,0),IFERROR(X5,0)) -> #VALUE! | Z5: =0.82+IF(U5="",0,0.06)+IF(X5="",0,0.1) -> 0.82
A6: Asturias | B6: =raw_inputs!B7/SUM(raw_inputs!$B$5:$B$23) -> 0.020662796 | C6: =B6*0.5 -> 0.010331398 | D6: =raw_inputs!C7/MAX(raw_inputs!$C$5:$C$23) -> 0.8065801 | E6: =D6/SUM($D$4:$D$22) -> 0.05658258 | F6: =E6*0.13 -> 0.0073557354 | G6: =MIN(raw_inputs!$D$5:$D$23)/raw_inputs!D7 -> 0.815822 | H6: =G6/SUM($G$4:$G$22) -> 0.064823125 | I6: =H6*0.15 -> 0.0097234688 | J6: =MIN(raw_inputs!$E$5:$E$23)/raw_inputs!E7 -> 0.00014320493 | K6: =J6/SUM($J$4:$J$22) -> 0.00010598938 | L6: =K6*0.02 -> 2.1197876e-06 | M6: =IF(raw_inputs!G7=-1,0,1) -> 1 | N6: =M6/SUM($M$4:$M$22) -> 0.055555556 | O6: =N6*0.02 -> 0.0011111111 | P6: =IF(raw_inputs!H7=-1,0,1) -> 1 | Q6: =P6/SUM($P$4:$P$22) -> 0.055555556 | R6: =Q6*0.02 -> 0.0011111111 | S6: =IF(OR(raw_inputs!I7="",raw_inputs!J7=""),"",AVERAGE(MIN(raw_inputs!$I$5:$I$23)/raw_inputs!I7,MIN(raw_inputs!$J$5:$J$23)/raw_inputs!J7)) | T6: =IF(S6="","",S6/SUM($S$4:$S$22)) | U6: =IF(T6="","",T6*0.06) | V6: =raw_inputs!M7 | W6: =IF(V6="","",V6/SUM($V$4:$V$22)) | X6: =IF(W6="","",W6*0.1) | Y6: =SUM(C6,F6,I6,L6,O6,R6,IFERROR(U6,0),IFERROR(X6,0)) -> #VALUE! | Z6: =0.82+IF(U6="",0,0.06)+IF(X6="",0,0.1) -> 0.82
A7: Baleares | B7: =raw_inputs!B8/SUM(raw_inputs!$B$5:$B$23) -> 0.02544041 | C7: =B7*0.5 -> 0.012720205 | D7: =raw_inputs!C8/MAX(raw_inputs!$C$5:$C$23) -> 0.80498686 | E7: =D7/SUM($D$4:$D$22) -> 0.056470812 | F7: =E7*0.13 -> 0.0073412055 | G7: =MIN(raw_inputs!$D$5:$D$23)/raw_inputs!D8 -> 0.80487805 | H7: =G7/SUM($G$4:$G$22) -> 0.063953547 | I7: =H7*0.15 -> 0.009593032 | J7: =MIN(raw_inputs!$E$5:$E$23)/raw_inputs!E8 -> 0.0032051282 | K7: =J7/SUM($J$4:$J$22) -> 0.0023721917 | L7: =K7*0.02 -> 4.7443835e-05 | M7: =IF(raw_inputs!G8=-1,0,1) -> 1 | N7: =M7/SUM($M$4:$M$22) -> 0.055555556 | O7: =N7*0.02 -> 0.0011111111 | P7: =IF(raw_inputs!H8=-1,0,1) -> 0 | Q7: =P7/SUM($P$4:$P$22) -> 0 | R7: =Q7*0.02 -> 0 | S7: =IF(OR(raw_inputs!I8="",raw_inputs!J8=""),"",AVERAGE(MIN(raw_inputs!$I$5:$I$23)/raw_inputs!I8,MIN(raw_inputs!$J$5:$J$23)/raw_inputs!J8)) | T7: =IF(S7="","",S7/SUM($S$4:$S$22)) | U7: =IF(T7="","",T7*0.06) | V7: =raw_inputs!M8 | W7: =IF(V7="","",V7/SUM($V$4:$V$22)) | X7: =IF(W7="","",W7*0.1) | Y7: =SUM(C7,F7,I7,L7,O7,R7,IFERROR(U7,0),IFERROR(X7,0)) -> #VALUE! | Z7: =0.82+IF(U7="",0,0.06)+IF(X7="",0,0.1) -> 0.82
A8: Canarias | B8: =raw_inputs!B9/SUM(raw_inputs!$B$5:$B$23) -> 0.045978919 | C8: =B8*0.5 -> 0.02298946 | D8: =raw_inputs!C9/MAX(raw_inputs!$C$5:$C$23) -> 0.6383733 | E8: =D8/SUM($D$4:$D$22) -> 0.044782667 | F8: =E8*0.13 -> 0.0058217467 | G8: =MIN(raw_inputs!$D$5:$D$23)/raw_inputs!D9 -> 0.55415617 | H8: =G8/SUM($G$4:$G$22) -> 0.044031829 | I8: =H8*0.15 -> 0.0066047744 | J8: =MIN(raw_inputs!$E$5:$E$23)/raw_inputs!E9 -> 0.00090171326 | K8: =J8/SUM($J$4:$J$22) -> 0.00066737946 | L8: =K8*0.02 -> 1.3347589e-05 | M8: =IF(raw_inputs!G9=-1,0,1) -> 1 | N8: =M8/SUM($M$4:$M$22) -> 0.055555556 | O8: =N8*0.02 -> 0.0011111111 | P8: =IF(raw_inputs!H9=-1,0,1) -> 1 | Q8: =P8/SUM($P$4:$P$22) -> 0.055555556 | R8: =Q8*0.02 -> 0.0011111111 | S8: =IF(OR(raw_inputs!I9="",raw_inputs!J9=""),"",AVERAGE(MIN(raw_inputs!$I$5:$I$23)/raw_inputs!I9,MIN(raw_inputs!$J$5:$J$23)/raw_inputs!J9)) | T8: =IF(S8="","",S8/SUM($S$4:$S$22)) | U8: =IF(T8="","",T8*0.06) | V8: =raw_inputs!M9 | W8: =IF(V8="","",V8/SUM($V$4:$V$22)) | X8: =IF(W8="","",W8*0.1) | Y8: =SUM(C8,F8,I8,L8,O8,R8,IFERROR(U8,0),IFERROR(X8,0)) -> #VALUE! | Z8: =0.82+IF(U8="",0,0.06)+IF(X8="",0,0.1) -> 0.82
A9: Cantabria | B9: =raw_inputs!B10/SUM(raw_inputs!$B$5:$B$23) -> 0.012083118 | C9: =B9*0.5 -> 0.0060415589 | D9: =raw_inputs!C10/MAX(raw_inputs!$C$5:$C$23) -> 0.76081415 | E9: =D9/SUM($D$4:$D$22) -> 0.053372042 | F9: =E9*0.13 -> 0.0069383655 | G9: =MIN(raw_inputs!$D$5:$D$23)/raw_inputs!D10 -> 0.80194411 | H9: =G9/SUM($G$4:$G$22) -> 0.063720423 | I9: =H9*0.15 -> 0.0095580635 | J9: =MIN(raw_inputs!$E$5:$E$23)/raw_inputs!E10 -> 0.0010741139 | K9: =J9/SUM($J$4:$J$22) -> 0.00079497725 | L9: =K9*0.02 -> 1.5899545e-05 | M9: =IF(raw_inputs!G10=-1,0,1) -> 1 | N9: =M9/SUM($M$4:$M$22) -> 0.055555556 | O9: =N9*0.02 -> 0.0011111111 | P9: =IF(raw_inputs!H10=-1,0,1) -> 1 | Q9: =P9/SUM($P$4:$P$22) -> 0.055555556 | R9: =Q9*0.02 -> 0.0011111111 | S9: =IF(OR(raw_inputs!I10="",raw_inputs!J10=""),"",AVERAGE(MIN(raw_inputs!$I$5:$I$23)/raw_inputs!I10,MIN(raw_inputs!$J$5:$J$23)/raw_inputs!J10)) | T9: =IF(S9="","",S9/SUM($S$4:$S$22)) | U9: =IF(T9="","",T9*0.06) | V9: =raw_inputs!M10 | W9: =IF(V9="","",V9/SUM($V$4:$V$22)) | X9: =IF(W9="","",W9*0.1) | Y9: =SUM(C9,F9,I9,L9,O9,R9,IFERROR(U9,0),IFERROR(X9,0)) -> #VALUE! | Z9: =0.82+IF(U9="",0,0.06)+IF(X9="",0,0.1) -> 0.82
A10: Castilla y León | B10: =raw_inputs!B11/SUM(raw_inputs!$B$5:$B$23) -> 0.048876536 | C10: =B10*0.5 -> 0.024438268 | D10: =raw_inputs!C11/MAX(raw_inputs!$C$5:$C$23) -> 0.76475743 | E10: =D10/SUM($D$4:$D$22) -> 0.053648668 | F10: =E10*0.13 -> 0.0069743269 | G10: =MIN(raw_inputs!$D$5:$D$23)/raw_inputs!D11 -> 0.80194411 | H10: =G10/SUM($G$4:$G$22) -> 0.063720423 | I10: =H10*0.15 -> 0.0095580635 | J10: =MIN(raw_inputs!$E$5:$E$23)/raw_inputs!E11 -> 0.00016178612 | K10: =J10/SUM($J$4:$J$22) -> 0.00011974176 | L10: =K10*0.02 -> 2.3948352e-06 | M10: =IF(raw_inputs!G11=-1,0,1) -> 1 | N10: =M10/SUM($M$4:$M$22) -> 0.055555556 | O10: =N10*0.02 -> 0.0011111111 | P10: =IF(raw_inputs!H11=-1,0,1) -> 1 | Q10: =P10/SUM($P$4:$P$22) -> 0.055555556 | R10: =Q10*0.02 -> 0.0011111111 | S10: =IF(OR(raw_inputs!I11="",raw_inputs!J11=""),"",AVERAGE(MIN(raw_inputs!$I$5:$I$23)/raw_inputs!I11,MIN(raw_inputs!$J$5:$J$23)/raw_inputs!J11)) | T10: =IF(S10="","",S10/SUM($S$4:$S$22)) | U10: =IF(T10="","",T10*0.06) | V10: =raw_inputs!M11 | W10: =IF(V10="","",V10/SUM($V$4:$V$22)) | X10: =IF(W10="","",W10*0.1) | Y10: =SUM(C10,F10,I10,L10,O10,R10,IFERROR(U10,0),IFERROR(X10,0)) -> #VALUE! | Z10: =0.82+IF(U10="",0,0.06)+IF(X10="",0,0.1) -> 0.82
A11: Castilla-La Mancha | B11: =raw_inputs!B12/SUM(raw_inputs!$B$5:$B$23) -> 0.043282143 | C11: =B11*0.5 -> 0.021641072 | D11: =raw_inputs!C12/MAX(raw_inputs!$C$5:$C$23) -> 0.65657612 | E11: =D11/SUM($D$4:$D$22) -> 0.046059617 | F11: =E11*0.13 -> 0.0059877502 | G11: =MIN(raw_inputs!$D$5:$D$23)/raw_inputs!D12 -> 0.55649241 | H11: =G11/SUM($G$4:$G$22) -> 0.044217461 | I11: =H11*0.15 -> 0.0066326191 | J11: =MIN(raw_inputs!$E$5:$E$23)/raw_inputs!E12 -> 0.00058548009 | K11: =J11/SUM($J$4:$J$22) -> 0.00043332777 | L11: =K11*0.02 -> 8.6665553e-06 | M11: =IF(raw_inputs!G12=-1,0,1) -> 1 | N11: =M11/SUM($M$4:$M$22) -> 0.055555556 | O11: =N11*0.02 -> 0.0011111111 | P11: =IF(raw_inputs!H12=-1,0,1) -> 1 | Q11: =P11/SUM($P$4:$P$22) -> 0.055555556 | R11: =Q11*0.02 -> 0.0011111111 | S11: =IF(OR(raw_inputs!I12="",raw_inputs!J12=""),"",AVERAGE(MIN(raw_inputs!$I$5:$I$23)/raw_inputs!I12,MIN(raw_inputs!$J$5:$J$23)/raw_inputs!J12)) | T11: =IF(S11="","",S11/SUM($S$4:$S$22)) | U11: =IF(T11="","",T11*0.06) | V11: =raw_inputs!M12 | W11: =IF(V11="","",V11/SUM($V$4:$V$22)) | X11: =IF(W11="","",W11*0.1) | Y11: =SUM(C11,F11,I11,L11,O11,R11,IFERROR(U11,0),IFERROR(X11,0)) -> #VALUE! | Z11: =0.82+IF(U11="",0,0.06)+IF(X11="",0,0.1) -> 0.82
A12: Cataluña | B12: =raw_inputs!B13/SUM(raw_inputs!$B$5:$B$23) -> 0.16536551 | C12: =B12*0.5 -> 0.082682756 | D12: =raw_inputs!C13/MAX(raw_inputs!$C$5:$C$23) -> 0.8280889 | E12: =D12/SUM($D$4:$D$22) -> 0.058091449 | F12: =E12*0.13 -> 0.0075518883 | G12: =MIN(raw_inputs!$D$5:$D$23)/raw_inputs!D13 -> 0.8386277 | H12: =G12/SUM($G$4:$G$22) -> 0.066635208 | I12: =H12*0.15 -> 0.0099952812 | J12: =MIN(raw_inputs!$E$5:$E$23)/raw_inputs!E13 -> 0.00025575448 | K12: =J12/SUM($J$4:$J$22) -> 0.00018928998 | L12: =K12*0.02 -> 3.7857996e-06 | M12: =IF(raw_inputs!G13=-1,0,1) -> 1 | N12: =M12/SUM($M$4:$M$22) -> 0.055555556 | O12: =N12*0.02 -> 0.0011111111 | P12: =IF(raw_inputs!H13=-1,0,1) -> 1 | Q12: =P12/SUM($P$4:$P$22) -> 0.055555556 | R12: =Q12*0.02 -> 0.0011111111 | S12: =IF(OR(raw_inputs!I13="",raw_inputs!J13=""),"",AVERAGE(MIN(raw_inputs!$I$5:$I$23)/raw_inputs!I13,MIN(raw_inputs!$J$5:$J$23)/raw_inputs!J13)) | T12: =IF(S12="","",S12/SUM($S$4:$S$22)) | U12: =IF(T12="","",T12*0.06) | V12: =raw_inputs!M13 | W12: =IF(V12="","",V12/SUM($V$4:$V$22)) | X12: =IF(W12="","",W12*0.1) | Y12: =SUM(C12,F12,I12,L12,O12,R12,IFERROR(U12,0),IFERROR(X12,0)) -> #VALUE! | Z12: =0.82+IF(U12="",0,0.06)+IF(X12="",0,0.1) -> 0.82
A13: Comunidad Valenciana | B13: =raw_inputs!B14/SUM(raw_inputs!$B$5:$B$23) -> 0.11042886 | C13: =B13*0.5 -> 0.055214432 | D13: =raw_inputs!C14/MAX(raw_inputs!$C$5:$C$23) -> 0.664622 | E13: =D13/SUM($D$4:$D$22) -> 0.046624046 | F13: =E13*0.13 -> 0.006061126 | G13: =MIN(raw_inputs!$D$5:$D$23)/raw_inputs!D14 -> 0.53527981 | H13: =G13/SUM($G$4:$G$22) -> 0.042531961 | I13: =H13*0.15 -> 0.0063797942 | J13: =MIN(raw_inputs!$E$5:$E$23)/raw_inputs!E14 -> 0.00080515298 | K13: =J13/SUM($J$4:$J$22) -> 0.0005959129 | L13: =K13*0.02 -> 1.1918258e-05 | M13: =IF(raw_inputs!G14=-1,0,1) -> 1 | N13: =M13/SUM($M$4:$M$22) -> 0.055555556 | O13: =N13*0.02 -> 0.0011111111 | P13: =IF(raw_inputs!H14=-1,0,1) -> 1 | Q13: =P13/SUM($P$4:$P$22) -> 0.055555556 | R13: =Q13*0.02 -> 0.0011111111 | S13: =IF(OR(raw_inputs!I14="",raw_inputs!J14=""),"",AVERAGE(MIN(raw_inputs!$I$5:$I$23)/raw_inputs!I14,MIN(raw_inputs!$J$5:$J$23)/raw_inputs!J14)) | T13: =IF(S13="","",S13/SUM($S$4:$S$22)) | U13: =IF(T13="","",T13*0.06) | V13: =raw_inputs!M14 | W13: =IF(V13="","",V13/SUM($V$4:$V$22)) | X13: =IF(W13="","",W13*0.1) | Y13: =SUM(C13,F13,I13,L13,O13,R13,IFERROR(U13,0),IFERROR(X13,0)) -> #VALUE! | Z13: =0.82+IF(U13="",0,0.06)+IF(X13="",0,0.1) -> 0.82
A14: Extremadura | B14: =raw_inputs!B15/SUM(raw_inputs!$B$5:$B$23) -> 0.021440698 | C14: =B14*0.5 -> 0.010720349 | D14: =raw_inputs!C15/MAX(raw_inputs!$C$5:$C$23) -> 0.6305664 | E14: =D14/SUM($D$4:$D$22) -> 0.044235004 | F14: =E14*0.13 -> 0.0057505505 | G14: =MIN(raw_inputs!$D$5:$D$23)/raw_inputs!D15 -> 0.43250328 | H14: =G14/SUM($G$4:$G$22) -> 0.034365602 | I14: =H14*0.15 -> 0.0051548403 | J14: =MIN(raw_inputs!$E$5:$E$23)/raw_inputs!E15 -> 0.001607717 | K14: =J14/SUM($J$4:$J$22) -> 0.0011899097 | L14: =K14*0.02 -> 2.3798194e-05 | M14: =IF(raw_inputs!G15=-1,0,1) -> 1 | N14: =M14/SUM($M$4:$M$22) -> 0.055555556 | O14: =N14*0.02 -> 0.0011111111 | P14: =IF(raw_inputs!H15=-1,0,1) -> 1 | Q14: =P14/SUM($P$4:$P$22) -> 0.055555556 | R14: =Q14*0.02 -> 0.0011111111 | S14: =IF(OR(raw_inputs!I15="",raw_inputs!J15=""),"",AVERAGE(MIN(raw_inputs!$I$5:$I$23)/raw_inputs!I15,MIN(raw_inputs!$J$5:$J$23)/raw_inputs!J15)) | T14: =IF(S14="","",S14/SUM($S$4:$S$22)) | U14: =IF(T14="","",T14*0.06) | V14: =raw_inputs!M15 | W14: =IF(V14="","",V14/SUM($V$4:$V$22)) | X14: =IF(W14="","",W14*0.1) | Y14: =SUM(C14,F14,I14,L14,O14,R14,IFERROR(U14,0),IFERROR(X14,0)) -> #VALUE! | Z14: =0.82+IF(U14="",0,0.06)+IF(X14="",0,0.1) -> 0.82
A15: Galicia | B15: =raw_inputs!B16/SUM(raw_inputs!$B$5:$B$23) -> 0.055258195 | C15: =B15*0.5 -> 0.027629097 | D15: =raw_inputs!C16/MAX(raw_inputs!$C$5:$C$23) -> 0.73894687 | E15: =D15/SUM($D$4:$D$22) -> 0.051838026 | F15: =E15*0.13 -> 0.0067389433 | G15: =MIN(raw_inputs!$D$5:$D$23)/raw_inputs!D16 -> 0.76124567 | H15: =G15/SUM($G$4:$G$22) -> 0.06048663 | I15: =H15*0.15 -> 0.0090729945 | J15: =MIN(raw_inputs!$E$5:$E$23)/raw_inputs!E16 -> 3.2767547e-05 | K15: =J15/SUM($J$4:$J$22) -> 2.4252042e-05 | L15: =K15*0.02 -> 4.8504084e-07 | M15: =IF(raw_inputs!G16=-1,0,1) -> 1 | N15: =M15/SUM($M$4:$M$22) -> 0.055555556 | O15: =N15*0.02 -> 0.0011111111 | P15: =IF(raw_inputs!H16=-1,0,1) -> 1 | Q15: =P15/SUM($P$4:$P$22) -> 0.055555556 | R15: =Q15*0.02 -> 0.0011111111 | S15: =IF(OR(raw_inputs!I16="",raw_inputs!J16=""),"",AVERAGE(MIN(raw_inputs!$I$5:$I$23)/raw_inputs!I16,MIN(raw_inputs!$J$5:$J$23)/raw_inputs!J16)) | T15: =IF(S15="","",S15/SUM($S$4:$S$22)) | U15: =IF(T15="","",T15*0.06) | V15: =raw_inputs!M16 | W15: =IF(V15="","",V15/SUM($V$4:$V$22)) | X15: =IF(W15="","",W15*0.1) | Y15: =SUM(C15,F15,I15,L15,O15,R15,IFERROR(U15,0),IFERROR(X15,0)) -> #VALUE! | Z15: =0.82+IF(U15="",0,0.06)+IF(X15="",0,0.1) -> 0.82
... A22: Melilla | B22: =raw_inputs!B23/SUM(raw_inputs!$B$5:$B$23) -> 0.0017722373 | C22: =B22*0.5 -> 0.00088611865 | D22: =raw_inputs!C23/MAX(raw_inputs!$C$5:$C$23) -> 0.60706604 | E22: =D22/SUM($D$4:$D$22) -> 0.042586425 | F22: =E22*0.13 -> 0.0055362352 | G22: =MIN(raw_inputs!$D$5:$D$23)/raw_inputs!D23 -> 0.25581395 | H22: =G22/SUM($G$4:$G$22) -> 0.020326321 | I22: =H22*0.15 -> 0.0030489482 | J22: =MIN(raw_inputs!$E$5:$E$23)/raw_inputs!E23 -> 1 | K22: =J22/SUM($J$4:$J$22) -> 0.74012382 | L22: =K22*0.02 -> 0.014802476 | M22: =IF(raw_inputs!G23=-1,0,1) -> 0 | N22: =M22/SUM($M$4:$M$22) -> 0 | O22: =N22*0.02 -> 0 | P22: =IF(raw_inputs!H23=-1,0,1) -> 1 | Q22: =P22/SUM($P$4:$P$22) -> 0.055555556 | R22: =Q22*0.02 -> 0.0011111111 | S22: =IF(OR(raw_inputs!I23="",raw_inputs!J23=""),"",AVERAGE(MIN(raw_inputs!$I$5:$I$23)/raw_inputs!I23,MIN(raw_inputs!$J$5:$J$23)/raw_inputs!J23)) | T22: =IF(S22="","",S22/SUM($S$4:$S$22)) | U22: =IF(T22="","",T22*0.06) | V22: =raw_inputs!M23 | W22: =IF(V22="","",V22/SUM($V$4:$V$22)) | X22: =IF(W22="","",W22*0.1) | Y22: =SUM(C22,F22,I22,L22,O22,R22,IFERROR(U22,0),IFERROR(X22,0)) -> #VALUE! | Z22: =0.82+IF(U22="",0,0.06)+IF(X22="",0,0.1) -> 0.82
